6;8;1
28;18;2
36;21;3
38;29;4
47;31;5
58;46;6
66;55;7
77;63;8
96;72;9
97;73;10
100;83;11
108;89;12
121;117;13
124;120;14
126;121;15
127;126;16
143;141;17
149;147;18
170;155;19
196;164;20
197;177;21
199;185;22
200;189;23
206;226;24
212;229;25
215;238;26
219;239;27
222;245;28
230;271;29
231;298;30
233;324;31
241;335;32
243;339;33
244;344;34
245;354;35
255;357;36
263;395;37
290;404;38
298;416;39
310;424;40
334;427;41
338;428;42
339;432;43
353;436;44
357;440;45
363;442;46
364;449;47
377;461;48
382;467;49
395;473;50
414;482;51
416;499;65
419;512;66
436;513;67
438;522;68
442;566;69
443;590;70
464;595;71
466;608;72
470;640;73
495;651;74
496;661;75
497;668;76
498;677;77
501;700;78
523;703;79
524;709;80
525;721;81
554;741;82
558;755;83
591;768;84
592;773;85
607;783;86
627;786;87
628;805;88
632;842;89
654;847;90
728;860;91
733;861;92
761;862;95
764;872;96
769;879;97
772;884;98
785;895;101
790;897;102
797;900;103
799;932;104
801;933;105
802;962;106
806;972;107
812;979;108
827;981;109
847;983;110
848;986;111
850;992;113
852;995;114
859;999;115
861;1016;116
871;1028;117
872;1029;118
873;1030;119
876;1041;120
877;1077;121
879;1081;122
880;1083;123
881;1093;124
882;1118;125
888;1125;126
890;1130;127
900;1136;128
903;1163;129
910;1167;130
916;1176;131
921;1177;132
922;1196;133
923;1197;134
924;1202;135
925;1238;136
926;1241;137
927;1246;138
928;1274;139
929;1275;140
930;1277;142
931;1297;143
932;1325;144
933;1339;145
935;1345;146
936;1346;147
938;1362;148
939;1365;149
944;1420;150
945;1437;151
946;1438;152
947;1441;153
948;1447;154
949;1459;155
953;1461;156
1007;1478;157
1008;1488;158
1010;1495;159
1011;1498;160
1012;1513;161
1013;1515;162
1015;1520;163
1019;1523;164
1020;1526;165
1021;1533;166
1045;1536;167
1047;1538;168
1052;1546;169
1053;1547;170
1076;1560;171
1087;1561;172
1123;1565;173
1124;1576;174
1125;1603;175
1126;1609;176
1127;1626;179
1129;1629;180
1132;1630;181
1154;1642;182
1183;1644;183
1204;1650;184
1250;1656;185
1254;1657;186
1270;1660;187
1272;1666;188
1273;1667;189
1274;1677;190
1286;1697;191
1287;1702;192
1288;1716;193
1294;1717;194
1335;1743;195
1336;1746;196
1339;1774;197
1350;1780;198
1352;1786;199
1353;1797;200
1359;1819;201
1374;1851;202
1376;1852;203
1381;1855;204
1396;1856;205
1397;1876;206
1403;1877;207
1411;1883;208
1414;1910;209
1416;1945;211
1419;1948;212
1421;1954;213
1423;1959;214
1424;1964;215
1426;1981;216
1432;1982;217
1438;1998;218
1439;2012;219
1442;2015;220
1445;2016;221
1447;2017;222
1465;2019;227
1473;2021;228
1474;2027;229
1479;2036;232
1480;2040;233
1486;2050;234
1488;2057;235
1491;2064;236
1492;2068;237
1493;2071;238
1500;2080;276
1502;2082;277
1503;2091;278
1511;2100;279
1520;2109;280
1521;2110;281
1525;2123;292
1526;2136;294
1527;2137;295
1531;2144;302
1536;2148;303
1537;2152;329
1539;2154;330
1558;2162;337
1560;2163;338
1561;2172;341
1564;2202;431
1578;2206;434
1587;2215;435
1588;2231;436
1593;2263;437
1616;2295;440
1622;2373;453
1625;2400;472
1638;2403;473
1639;2407;474
1640;2408;475
1641;2413;476
2476;2418;477
2478;2427;478
2806;2429;479
2816;2431;483
2818;2467;484
2820;2474;486
2821;2488;487
2836;2491;488
2863;2492;490
2869;2501;491
2877;2502;493
2878;2518;494
2879;2534;495
2892;2546;497
2893;2554;498
2894;2560;499
2895;2563;500
2898;2588;501
2900;2598;502
2920;2606;503
2921;2609;504
2940;2611;505
2950;2628;508
2963;2660;509
2964;2661;511
2967;2665;512
2968;2668;
2969;2671;
2972;2677;
2973;2680;
2975;2686;
2976;2698;
2979;2718;
2990;2725;
2991;2734;
2992;2761;
2993;2762;
2996;2763;
2997;2774;
2998;2792;
3000;2801;
3005;2828;
3018;2835;
3019;2845;
3023;2857;
3187;2862;
3193;2865;
3203;2892;
3206;2901;
3209;2922;
3211;2923;
3212;2926;
3215;2927;
3216;2978;
3217;2998;
3219;3024;
3220;3034;
3223;3036;
3224;3037;
3225;3039;
3227;3041;
3230;3050;
3232;3052;
3237;3053;
3251;3068;
3272;3069;
3281;3077;
3293;3088;
3295;3103;
3301;3104;
3302;3111;
3315;3122;
3319;3124;
3321;3133;
3322;3143;
3323;3146;
3324;3156;
3325;3159;
3327;3161;
3329;3164;
3342;3193;
3344;3228;
3345;3244;
3349;3261;
3353;3276;
3354;3290;
3360;3300;
3366;3307;
3370;3325;
3372;3335;
3373;3347;
3374;3359;
3379;3361;
3381;3365;
3391;3366;
3394;3373;
3402;3374;
3403;3375;
3415;3376;
3421;3403;
3424;3415;
3437;3426;
3446;3433;
3450;3438;
3452;3440;
3453;3443;
3454;3445;
3458;3463;
3459;3464;
3460;3468;
3469;3482;
3470;3509;
3474;3510;
3476;3511;
3477;3520;
3482;3521;
3495;3526;
3497;3534;
3516;3536;
3517;3537;
3518;3540;
3521;3556;
3546;3560;
3548;3573;
3550;3582;
3551;3589;
3569;3592;
3612;3597;
3613;3599;
3614;3607;
3619;3610;
3651;3611;
3652;3612;
3655;3618;
3656;3619;
3659;3629;
3660;3635;
3688;3641;
3689;3643;
3708;3660;
3721;3670;
3742;3673;
3765;3674;
3766;3688;
3767;3689;
3769;3693;
3774;3696;
3780;3709;
3781;3719;
3786;3729;
3810;3737;
3864;3760;
3882;3762;
3894;3805;
3898;3806;
3899;3810;
3901;3823;
3904;3841;
3918;3842;
3942;3858;
3976;3861;
3981;3869;
4003;3879;
4004;3889;
4011;3892;
4013;3903;
4014;3905;
4019;3906;
4024;3907;
4025;3926;
4029;3931;
4033;3936;
4034;3938;
4036;3954;
4037;3959;
4041;3980;
4064;3984;
4073;3986;
4135;4013;
4139;4019;
4177;4051;
4183;4056;
4192;4063;
4199;4073;
4206;4074;
4222;4092;
4223;4098;
4235;4152;
4239;4158;
4240;4178;
4244;4183;
4271;4195;
4272;4200;
4273;4224;
4274;4232;
4275;4233;
4276;4241;
4277;4253;
4285;4261;
4291;4270;
4295;4279;
4298;4280;
4302;4300;
4304;4308;
4306;4339;
4314;4341;
4329;4351;
4358;4358;
4364;4362;
4365;4366;
4369;4401;
4370;4408;
4372;4410;
4373;4414;
4377;4424;
4378;4443;
4380;4455;
4388;4461;
4393;4517;
4396;4524;
4408;4530;
4417;4560;
4418;4579;
4419;4602;
4437;4618;
4442;4625;
4443;4630;
4444;4634;
4445;4642;
4449;4646;
4454;4650;
4455;4679;
4457;4686;
4458;4690;
4459;4693;
4504;4712;
4505;4740;
4509;4743;
4511;4754;
4516;4763;
4540;4776;
4576;4777;
4578;4786;
4579;4787;
4581;4797;
4582;4801;
4593;4804;
4595;4824;
4596;4830;
4597;4842;
4613;4898;
4614;4901;
4618;4903;
4623;4923;
4639;4924;
4666;4940;
4680;4946;
4681;4947;
4682;4949;
4683;4955;
4689;4957;
4708;4965;
4714;4972;
4716;4977;
4729;5000;
4730;5002;
4757;5021;
4762;5027;
4767;5041;
4771;5046;
4772;5049;
4838;5051;
4841;5060;
4842;5061;
4856;5064;
4858;5068;
4875;5071;
4876;5086;
4884;5100;
4911;5104;
4912;5110;
4914;5111;
4915;5124;
4939;5128;
4952;5131;
4953;5135;
4955;5169;
4958;5170;
4965;5177;
4968;5178;
4974;5189;
4975;5191;
4977;5195;
4978;5196;
4979;5201;
4981;5206;
4985;5214;
4987;5239;
4995;5318;
5006;5321;
5026;5323;
5028;5326;
5082;5340;
5087;5346;
5088;5358;
5090;5359;
5091;5365;
5092;5366;
5098;5384;
5101;5422;
5102;5427;
5103;5434;
5104;5437;
5106;5438;
5108;5440;
5109;5444;
5111;5448;
5113;5470;
5114;5473;
5116;5498;
5117;5531;
5118;5537;
5190;5538;
5206;5547;
5209;5548;
5218;5550;
5234;5552;
5243;5557;
5254;5561;
5255;5563;
5257;5564;
5262;5576;
5263;5610;
5264;5613;
5269;5621;
5278;5624;
5280;5636;
5284;5637;
5294;5639;
5295;5641;
5296;5654;
5297;5664;
5298;5665;
5299;5669;
5300;5671;
5302;5685;
5307;5688;
5312;5691;
5330;5696;
5343;5698;
5344;5703;
5345;5712;
5346;5716;
5347;5720;
5348;5721;
5359;5730;
5360;5736;
5381;5740;
5382;5756;
5385;5786;
5386;5788;
5387;5792;
5398;5795;
5399;5824;
5400;5831;
5402;5847;
5404;5855;
5405;5860;
5406;5866;
5407;5869;
5413;5893;
5417;5904;
5429;5909;
5432;5910;
5442;5911;
5445;5921;
5460;5923;
5463;5929;
5467;5947;
5471;5974;
5472;5977;
5484;5988;
5489;6013;
5490;6030;
5496;6057;
5498;6063;
5502;6073;
5503;6076;
5552;6091;
5559;6116;
5562;6127;
5588;6146;
5589;6164;
5592;6168;
5593;6176;
5599;6186;
5609;6191;
5610;6192;
5611;6194;
5612;6210;
5615;6216;
5616;6230;
5617;6232;
5618;6234;
5619;6244;
5627;6260;
5630;6265;
5631;6281;
5636;6286;
5640;6308;
5650;6311;
5651;6314;
5652;6316;
5653;6317;
5660;6321;
5663;6324;
5699;6336;
5700;6349;
5718;6351;
5719;6368;
5720;6369;
5724;6390;
5725;6398;
5733;6401;
5736;6404;
5739;6414;
5744;6415;
5745;6418;
5748;6424;
5749;6426;
5750;6430;
5752;6461;
5753;6484;
5779;6488;
5780;6497;
5781;6504;
5784;6519;
5787;6541;
5788;6542;
5789;6579;
5790;6580;
5804;6587;
5810;6588;
5821;6589;
5823;6590;
5866;6591;
5958;6592;
6167;6603;
6168;6607;
6169;6608;
6170;6609;
6171;6626;
6172;6629;
6173;6634;
6174;6636;
6175;6637;
6176;6651;
6181;6655;
6182;6659;
6186;6662;
6187;6682;
6193;6687;
6208;6690;
6234;6694;
6249;6762;
6261;6763;
6266;6766;
6269;6774;
6272;6775;
6277;6776;
6282;6793;
6283;6809;
6284;6821;
6290;6830;
6291;6831;
6317;6832;
6318;6834;
6330;6890;
6331;6892;
6341;6904;
6342;6923;
6343;6937;
6357;6942;
6358;6952;
6362;6955;
6363;6962;
6365;6990;
6376;7001;
6377;7002;
6378;7004;
6379;7014;
6382;7018;
6385;7056;
6390;7063;
6419;7067;
6422;7085;
6423;7087;
6424;7101;
6427;7104;
6507;7125;
6511;7133;
6515;7135;
6518;7143;
6523;7154;
6538;7162;
6561;7170;
6562;7185;
6563;7192;
6564;7197;
6565;7203;
6566;7209;
6567;7212;
6583;7222;
6585;7231;
6586;7232;
6597;7239;
6602;7243;
6604;7246;
6605;7250;
6608;7255;
6622;7261;
6645;7279;
6646;7292;
6664;7293;
6666;7299;
6686;7373;
6701;7398;
6711;7402;
6713;7419;
6716;7426;
6717;7432;
6720;7433;
6722;7437;
6725;7457;
6732;7475;
6734;7477;
6735;7482;
6736;7484;
6769;7498;
6770;7503;
6772;7507;
6827;7519;
6829;7524;
6836;7534;
6840;7535;
6846;7536;
6847;7540;
6848;7549;
6849;7550;
6851;7562;
6853;7571;
6854;7575;
6867;7601;
6871;7616;
6886;7622;
6890;7635;
6912;7639;
6914;7648;
6920;7654;
6922;7667;
6941;7673;
6948;7683;
6955;7685;
6980;7693;
6997;7699;
7002;7725;
7003;7726;
7006;7727;
7043;7756;
7044;7761;
7045;7769;
7109;7785;
7110;7806;
7111;7820;
7112;7834;
7113;7841;
7114;7874;
7115;7905;
7118;7910;
7126;7929;
7131;7933;
7137;7939;
7165;7945;
7198;7960;
7201;7964;
7205;7967;
7212;8007;
7222;8008;
7223;8020;
7224;8021;
7239;8037;
7366;8038;
7367;8047;
7379;8055;
7380;8079;
7384;8083;
7385;8092;
7386;8098;
7387;8100;
7389;8101;
7397;8113;
7409;8146;
7410;8152;
7422;8164;
7423;8175;
7446;8178;
7454;8180;
7455;8185;
7456;8186;
7468;8189;
7496;8207;
7506;8209;
7539;8216;
7555;8232;
7558;8233;
7559;8245;
7571;8266;
7573;8274;
7574;8275;
7578;8278;
7579;8281;
7589;8282;
7591;8286;
7630;8301;
7632;8315;
7639;8316;
7657;8338;
7658;8347;
7669;8349;
7670;8377;
7671;8382;
7672;8397;
7673;8400;
7674;8411;
7675;8429;
7676;8449;
7677;8462;
7710;8510;
7731;8533;
7735;8539;
7736;8545;
7745;8546;
7746;8562;
7754;8564;
7756;8570;
7758;8572;
7762;8578;
7771;8585;
7773;8594;
7774;8595;
7775;8599;
7787;8610;
7789;8613;
7798;8620;
7811;8661;
7836;8696;
7837;8706;
7838;8709;
7839;8710;
7840;8717;
7841;8727;
7843;8729;
7844;8740;
7845;8741;
7846;8757;
7847;8762;
7856;8763;
7860;8768;
7865;8774;
7866;8779;
7897;8795;
7904;8806;
7906;8820;
7914;8823;
7915;8837;
7926;8838;
7935;8855;
7937;8857;
7942;8861;
7948;8886;
7974;8898;
7986;8925;
8031;8927;
8039;8930;
8047;8932;
8088;8940;
8090;8955;
8099;8968;
8100;8982;
8103;8998;
8109;9000;
8110;9006;
8114;9009;
8118;9019;
8121;9029;
8133;9033;
8164;9034;
8168;9036;
8169;9038;
8185;9039;
8186;9070;
8189;9075;
8190;9080;
8191;9083;
8192;9086;
8199;9103;
8201;9107;
8257;9139;
8258;9161;
8259;9167;
8261;9180;
8263;9193;
8270;9224;
8279;9236;
8283;9241;
8284;9258;
8286;9277;
8290;9317;
8292;9321;
8294;9332;
8321;9337;
8324;9358;
8326;9384;
8327;9393;
8329;9435;
8335;9446;
8338;9456;
8339;9458;
8340;9478;
8341;9499;
8342;9511;
8343;9525;
8344;9527;
8348;9534;
8352;9538;
8360;9539;
8361;9540;
8362;9541;
8363;9561;
8364;9562;
8365;9570;
8372;9573;
8373;9593;
8376;9609;
8379;9612;
8388;9614;
8389;9638;
8390;9642;
8393;9647;
8394;9650;
8399;9659;
8400;9664;
8401;9674;
8402;9675;
8408;9677;
8409;9696;
8411;9697;
8412;9698;
8413;9701;
8414;9709;
8415;9726;
8416;9736;
8417;9744;
8427;9745;
8428;9750;
8447;9783;
8458;9788;
8473;9797;
8478;9807;
8479;9815;
8490;9829;
8491;9838;
8510;9842;
8536;9852;
8538;9855;
8539;9863;
8544;9871;
8545;9873;
8546;9907;
8547;9915;
8548;9918;
8549;9946;
8554;9955;
8555;9966;
8557;9977;
8558;9987;
8559;10015;
8563;10033;
8564;10044;
8591;10061;
8595;10075;
8596;10086;
8597;10088;
8598;10104;
8599;10110;
8600;10179;
8601;10181;
8602;10218;
8603;10220;
8604;10232;
8605;10249;
8606;10257;
8607;10276;
8608;10285;
8609;10287;
8610;10296;
8611;10306;
8612;10318;
8616;10319;
8617;10331;
8619;10349;
8620;10350;
8621;10355;
8622;10359;
8623;10400;
8624;10404;
8632;10408;
8649;10415;
8650;10418;
8652;10435;
8657;10440;
8658;10456;
8660;10515;
8661;10517;
8662;10518;
8666;10519;
8667;10536;
8670;10556;
8679;10557;
8691;10561;
8692;10562;
8693;10572;
8694;10577;
8697;10579;
8703;10587;
8704;10589;
8705;10599;
8706;10605;
8766;10608;
8768;10612;
8772;10655;
8846;10657;
8849;10667;
8853;10675;
8857;10692;
8866;10712;
9015;10720;
9026;10731;
9031;10742;
9037;10760;
9039;10763;
9040;10774;
9046;10803;
9054;10817;
9061;10818;
9068;10826;
9071;10834;
9072;10839;
9073;10843;
9074;10894;
9089;10899;
9093;10916;
9108;10926;
9109;10937;
9115;10941;
9139;10944;
9147;10951;
9148;10953;
9149;10956;
9151;10984;
9162;10996;
9166;11001;
9169;11009;
9173;11021;
9175;11027;
9176;11051;
9182;11056;
9185;11058;
9190;11096;
9197;11117;
9200;11156;
9201;11203;
9202;11213;
9203;11216;
9226;11220;
9247;11228;
9334;11235;
9341;11268;
9358;11276;
9359;11283;
9360;11286;
9361;11307;
9362;11314;
9363;11335;
9365;11352;
9366;11358;
9368;11364;
9369;11370;
9398;11373;
9400;11377;
9401;11379;
9405;11383;
9431;11385;
9445;11406;
9447;11419;
9455;11462;
9468;11472;
9469;11496;
9487;11503;
9488;11507;
9497;11510;
9500;11520;
9519;11532;
9537;11542;
9540;11551;
9554;11576;
9559;11579;
9560;11583;
9561;11592;
9562;11595;
9566;11597;
9574;11607;
9599;11623;
9616;11637;
9626;11639;
9627;11640;
10183;11661;
10184;11671;
10185;11673;
10186;11681;
10208;11698;
10225;11717;
10236;11726;
10238;11727;
10242;11757;
10243;11760;
10244;11770;
10245;11774;
10350;11775;
10356;11781;
10390;11790;
10397;11791;
10424;11798;
10437;11800;
10441;11802;
10442;11812;
10449;11836;
10451;11839;
10474;11848;
10481;11857;
10492;11863;
10496;11865;
10523;11878;
10530;11879;
10531;11887;
10532;11911;
10533;11932;
10534;11933;
10535;11938;
10536;11944;
10537;11951;
10538;11954;
10539;11969;
10540;11992;
10542;11996;
10544;11997;
10545;12012;
10546;12032;
10547;12052;
10548;12056;
10549;12061;
10550;12071;
10551;12085;
10553;12093;
10556;12116;
10566;12118;
10567;12126;
10568;12150;
10569;12151;
10570;12153;
10573;12154;
10574;12165;
10577;12167;
10578;12169;
10580;12198;
10581;12200;
10582;12201;
10583;12238;
10584;12279;
10585;12280;
10586;12283;
10589;12287;
10592;12288;
10608;12340;
10610;12344;
10626;12362;
10628;12365;
10635;12376;
10638;12384;
10640;12390;
10642;12393;
10666;12394;
10680;12397;
10681;12406;
10685;12413;
10687;12416;
10690;12440;
10691;12441;
10694;12456;
10705;12470;
10706;12472;
10713;12489;
10715;12495;
10716;12505;
10731;12507;
10735;12522;
10740;12529;
10758;12530;
10760;12538;
10761;12542;
10782;12543;
10816;12545;
10826;12546;
10828;12553;
10851;12556;
10888;12558;
10897;12575;
10930;12643;
10935;12664;
10938;12710;
10951;12764;
10968;12765;
10984;12772;
10985;12777;
10986;12802;
10991;12821;
11001;12833;
11002;12835;
11003;12836;
11005;12837;
11010;12845;
11061;12850;
11069;12861;
11199;12865;
11209;12874;
11224;12877;
11231;12881;
11232;12893;
11251;12899;
11254;12929;
11255;12963;
11263;12964;
11301;12995;
11309;13007;
11323;13009;
11347;13010;
11349;13013;
11359;13016;
11365;13029;
11368;13037;
11372;13042;
11373;13049;
11374;13059;
11378;13081;
11379;13107;
11387;13120;
11399;13136;
11406;13150;
11411;13155;
11412;13214;
11414;13215;
11434;13220;
11438;13221;
11439;13222;
11441;13224;
11442;13230;
11443;13231;
11469;13232;
11489;13233;
11549;13237;
11564;13243;
11566;13261;
11567;13283;
11570;13299;
11572;13305;
11580;13332;
11581;13333;
11583;13335;
11584;13337;
11586;13341;
11591;13353;
11592;13354;
11593;13355;
11594;13377;
11595;13383;
11597;13390;
11598;13396;
11599;13402;
11600;13418;
11660;13425;
11661;13469;
11663;13478;
11667;13484;
11670;13491;
11671;13496;
11694;13497;
11711;13517;
11720;13536;
11730;13546;
11731;13549;
11732;13552;
11744;13560;
11758;13562;
11774;13573;
11776;13577;
11779;13578;
11780;13579;
11784;13587;
11786;13589;
11787;13592;
11788;13603;
11798;13617;
11799;13620;
11800;13654;
11801;13655;
11812;13660;
11813;13662;
11814;13689;
11817;13718;
11819;13719;
11820;13726;
11826;13741;
11839;13751;
11844;13756;
11866;13758;
11893;13761;
11896;13762;
11903;13763;
11916;13800;
11917;13805;
11919;13809;
11941;13827;
11945;13864;
11971;13875;
11972;13897;
11975;13898;
11977;13900;
11978;13901;
11979;13902;
11985;13928;
11987;13933;
11989;13935;
11990;13936;
11992;13951;
12011;13953;
12012;13955;
12017;13957;
12020;13961;
12021;13966;
12042;13971;
12044;13974;
12045;13983;
12046;13987;
12050;14005;
12052;14011;
12053;14018;
12055;14019;
12059;14020;
12061;14027;
12063;14028;
12072;14031;
12079;14035;
12080;14036;
12081;14039;
12082;14042;
12084;14044;
12092;14059;
12093;14061;
12106;14067;
12110;14068;
12127;14095;
12130;14106;
12131;14108;
12134;14113;
12140;14114;
12141;14120;
12142;14122;
12145;14130;
12158;14131;
12165;14133;
12186;14141;
12188;14143;
12191;14155;
12198;14156;
12241;14165;
12249;14166;
12257;14169;
12262;14176;
12265;14179;
12282;14180;
12305;14182;
12313;14189;
12324;14205;
12707;14217;
12722;14225;
12742;14230;
12817;14231;
12844;14235;
12845;14239;
12846;14242;
12848;14243;
12861;14245;
12862;14278;
12864;14279;
12867;14281;
12885;14284;
12911;14285;
12916;14290;
12923;14291;
12926;14306;
12927;14314;
12935;14315;
12936;14318;
12937;14326;
12946;14335;
12947;14338;
12950;14339;
12952;14351;
12953;14380;
12962;14383;
12973;14394;
13056;14414;
13057;14417;
13064;14421;
13092;14427;
13098;14451;
13116;14459;
13133;14461;
13135;14483;
13136;14490;
13137;14499;
13138;14501;
13139;14505;
13140;14510;
13146;14519;
13163;14525;
13166;14526;
13174;14528;
13192;14548;
13194;14554;
13196;14557;
13200;14558;
13207;14567;
13209;14568;
13211;14575;
13215;14577;
13236;14582;
13241;14594;
13245;14599;
13247;14603;
13248;14616;
13272;14618;
13274;14656;
13281;14681;
13292;14737;
13299;14742;
13357;14744;
13361;14765;
13362;14796;
13363;14804;
13364;14809;
13365;14822;
13366;14835;
13371;14841;
13385;14843;
13397;14853;
13398;14857;
13401;14881;
13402;14888;
13404;14896;
13406;14902;
13411;14921;
13415;14947;
13419;14951;
13422;15018;
13427;15046;
13428;15058;
13429;15074;
13437;15078;
13439;15084;
13447;15134;
13469;15141;
13472;15182;
13473;15189;
13488;15195;
13489;15207;
13495;15218;
13502;15220;
13515;15229;
13516;15269;
13517;15273;
13521;15278;
13522;15297;
13523;15307;
13528;15310;
13529;15423;
13530;15427;
13539;15430;
13540;15466;
13554;15473;
13567;15481;
13583;15483;
13585;15485;
13590;15493;
13592;15499;
13623;15501;
13626;15508;
13633;15509;
13636;15521;
13648;15525;
13652;15529;
13694;15536;
13702;15551;
13712;15572;
13713;15573;
13739;15594;
13756;15599;
13774;15618;
13783;15621;
13785;15645;
13786;15646;
13792;15657;
13793;15666;
13796;15672;
13813;15682;
13814;15687;
13816;15692;
13838;15703;
13840;15705;
13855;15709;
13857;15716;
13862;15719;
13869;15729;
13870;15745;
13871;15747;
13874;15779;
13878;15781;
13879;15815;
13880;15823;
13881;15824;
13883;15831;
13894;15867;
13905;15879;
13906;15891;
13907;15894;
13909;15934;
13910;15942;
13914;15943;
13917;15956;
13920;15972;
13922;15981;
13923;15991;
13924;16047;
13932;16049;
13975;16059;
13984;16072;
13986;16074;
13988;16092;
13994;16101;
13996;16107;
14007;16165;
14008;16170;
14009;16175;
14028;16210;
14030;16215;
14031;16232;
14032;16259;
14036;16261;
14037;16264;
14040;16270;
14041;16273;
14043;16289;
14044;16299;
14045;16321;
14048;16348;
14050;16371;
14051;16398;
14054;16418;
14055;16437;
14057;16443;
14064;16455;
14065;16470;
14070;16473;
14073;16475;
14078;16488;
14085;16498;
14143;16500;
14145;16508;
14184;16510;
14197;16511;
14198;16520;
14199;16542;
14217;16546;
14281;16548;
14282;16558;
14286;16559;
14290;16563;
14292;16565;
14293;16569;
14299;16571;
14300;16580;
14304;16597;
14309;16619;
14313;16634;
14315;16657;
14316;16662;
14319;16670;
14321;16683;
14323;16694;
14324;16703;
14325;16712;
14332;16737;
14334;16771;
14337;16778;
14340;16783;
14343;16787;
14347;16790;
14348;16802;
14350;16819;
14353;16822;
14355;16824;
14359;16825;
14360;16830;
14361;16844;
14364;16854;
14400;16860;
14413;16888;
14415;16889;
14454;16903;
14458;16908;
14468;16911;
14473;16926;
14491;16951;
14499;16965;
14509;16972;
14511;16986;
14517;16992;
14530;16994;
14531;17001;
14532;17005;
14538;17010;
14539;17022;
14542;17036;
14543;17070;
14545;17078;
14550;17086;
14556;17110;
14561;17113;
14569;17125;
14572;17151;
14577;17179;
14578;17214;
14579;17240;
14583;17242;
14591;17245;
14593;17250;
14594;17261;
14596;17273;
14598;17280;
14599;17282;
14601;17295;
14602;17310;
14603;17324;
14606;17331;
14610;17332;
14619;17337;
14621;17361;
14627;17367;
14628;17372;
14631;17375;
14632;17376;
14641;17377;
14642;17381;
14643;17439;
14644;17441;
14645;17443;
14646;17444;
14654;17455;
14658;17464;
14667;17479;
14668;17502;
14670;17503;
14673;17507;
14674;17514;
14678;17537;
14679;17543;
14735;17552;
14736;17558;
14742;17562;
14745;17567;
14748;17582;
14753;17586;
14757;17589;
14796;17591;
14797;17607;
14800;17613;
14802;17616;
14817;17629;
14820;17633;
14827;17664;
14828;17680;
14829;17696;
14830;17705;
14831;17717;
14833;17720;
14846;17733;
14856;17773;
14887;17776;
14888;17791;
14893;17794;
14917;17798;
14918;17824;
14923;17840;
14926;17856;
14929;17857;
14945;17860;
14955;17872;
14959;17876;
14960;17879;
14968;17889;
14969;17911;
14974;17916;
14975;17933;
14983;17934;
15010;17935;
15014;17942;
15027;17947;
15037;17949;
15088;17960;
15089;17971;
15096;17997;
15115;17998;
15119;17999;
15120;18006;
15129;18011;
15130;18029;
15140;18038;
15141;18047;
15161;18053;
15188;18057;
15217;18058;
15264;18063;
15276;18069;
15278;18074;
15279;18080;
15280;18082;
15282;18094;
15286;18107;
15295;18110;
15301;18125;
15307;18133;
15311;18136;
15312;18152;
15313;18166;
15317;18177;
15364;18179;
15381;18205;
15382;18230;
15384;18240;
15386;18243;
15387;18245;
15397;18257;
15400;18278;
15412;18282;
15419;18292;
15420;18294;
15421;18321;
15427;18345;
15428;18351;
15429;18354;
15430;18362;
15431;18383;
15433;18394;
15442;18395;
15448;18397;
15467;18411;
15470;18442;
15486;18453;
15488;18461;
15506;18464;
15555;18465;
15581;18476;
15615;18482;
15616;18483;
15617;18486;
15619;18491;
15621;18516;
15651;18519;
15684;18521;
15689;18522;
15690;18542;
15696;18548;
15698;18549;
15701;18550;
15716;18561;
15733;18578;
15734;18586;
15764;18587;
15779;18596;
15784;18611;
15786;18616;
15793;18623;
15799;18626;
15811;18649;
15813;18660;
15817;18672;
15835;18679;
15837;18683;
15868;18685;
15872;18713;
15875;18723;
15887;18730;
15893;18732;
15897;18735;
15898;18739;
15907;18745;
15908;18757;
15909;18764;
15911;18765;
15924;18766;
15927;18777;
15930;18791;
15931;18806;
15935;18811;
15946;18830;
15949;18835;
15950;18843;
15959;18844;
15968;18852;
16001;18869;
16002;18884;
16003;18887;
16009;18893;
16010;18897;
16015;18904;
16021;18906;
16022;18910;
16023;18929;
16042;18935;
16046;18945;
16047;18977;
16048;18981;
16049;18996;
16057;18998;
16066;19002;
16067;19013;
16190;19015;
16230;19027;
16231;19029;
16234;19037;
16315;19065;
16374;19067;
16402;19069;
16404;19087;
16405;19090;
16406;19099;
16432;19101;
16433;19123;
16441;19130;
16450;19136;
16451;19148;
16452;19179;
16453;19180;
16455;19186;
16456;19193;
16457;19209;
16458;19212;
16463;19219;
16464;19243;
16467;19261;
16468;19267;
16469;19271;
16470;19273;
16471;19276;
16473;19282;
16474;19295;
16475;19299;
16477;19307;
16478;19317;
16479;19349;
16492;19366;
16493;19376;
16501;19381;
16502;19404;
16503;19407;
16504;19408;
16517;19417;
16518;19424;
16520;19427;
16524;19430;
16525;19438;
16528;19440;
16553;19442;
16554;19451;
16557;19454;
16572;19472;
16920;19509;
16927;19525;
16939;19529;
16947;19543;
16962;19545;
16963;19548;
16964;19559;
16966;19565;
16969;19578;
16970;19581;
16976;19601;
16984;19605;
16985;19612;
16986;19624;
16987;19625;
17013;19627;
17015;19628;
17017;19635;
17037;19640;
17052;19642;
17055;19647;
17076;19654;
17081;19655;
17096;19657;
17104;19662;
17105;19669;
17107;19684;
17142;19695;
17144;19710;
17145;19729;
17150;19731;
17151;19733;
17166;19736;
17178;19741;
17179;19742;
17191;19748;
17193;19756;
17198;19763;
17202;19815;
17205;19828;
17206;19829;
17219;19832;
17236;19833;
17247;19838;
17257;19839;
17312;19840;
17318;19844;
17320;19853;
17321;19859;
17322;19862;
17334;19865;
17335;19867;
17336;19875;
17337;19929;
17338;19966;
17339;19970;
17340;19977;
17349;19978;
17352;20001;
17353;20031;
17357;20044;
17358;20045;
17371;20050;
17374;20076;
17379;20082;
17397;20090;
17402;20095;
17406;20101;
17414;20109;
17418;20124;
17423;20126;
17426;20131;
17439;20138;
17453;20143;
17461;20192;
17462;20216;
17471;20247;
17475;20250;
17486;20274;
17496;20280;
17514;20336;
17523;20345;
17528;20347;
17551;20349;
17572;20357;
17573;20358;
17578;20364;
17580;20379;
17588;20382;
17590;20400;
17592;20403;
17600;20433;
17603;20436;
17613;20456;
17617;20457;
17624;20462;
17625;20466;
17626;20469;
17627;20496;
17671;20503;
17704;20533;
17721;20536;
17722;20547;
17728;20551;
17738;20557;
17745;20562;
17776;20563;
17777;20566;
17778;20582;
17779;20594;
17780;20595;
17808;20600;
17814;20601;
17821;20611;
17835;20617;
17843;20637;
17849;20650;
17850;20654;
17851;20660;
17852;20675;
17876;20679;
17878;20681;
17885;20682;
17886;20690;
17887;20722;
17889;20729;
17891;20731;
17892;20736;
17894;20737;
17898;20738;
17901;20775;
17902;20776;
17904;20777;
17905;20780;
17906;20829;
17907;20914;
17908;20955;
17909;20973;
17910;20999;
17911;21033;
17912;21074;
17913;21089;
17914;21090;
17917;21111;
17919;21125;
17941;21153;
17942;21174;
17943;21175;
17975;21183;
17977;21191;
17981;21210;
17982;21216;
17983;21219;
17984;21268;
17997;21283;
18009;21285;
18015;21308;
18017;21314;
18019;21336;
18021;21339;
18022;21340;
18024;21349;
18030;21362;
18031;21375;
18033;21381;
18039;21388;
18042;21390;
18043;21392;
18044;21395;
18045;21398;
18047;21427;
18053;21430;
18107;21431;
18132;21433;
18334;21440;
18353;21445;
18375;21455;
18378;21458;
18384;21481;
18385;21482;
18386;21495;
18387;21504;
18391;21510;
18395;21515;
18397;21528;
18398;21561;
18401;21564;
18404;21567;
18405;21578;
18406;21582;
18417;21584;
18418;21587;
18420;21599;
18423;21602;
18426;21603;
18448;21605;
18455;21615;
18458;21618;
18472;21628;
18473;21634;
18475;21635;
18477;21641;
18481;21643;
18489;21650;
18490;21672;
18494;21691;
18495;21692;
18501;21719;
18502;21745;
18503;21774;
18542;21799;
18547;21800;
18551;21802;
18552;21823;
18553;21824;
18557;21840;
18558;21848;
18560;21850;
18577;21858;
18599;21867;
18615;21871;
18619;21895;
18651;21899;
18676;21910;
18677;21918;
18682;21923;
18704;21930;
18708;21932;
18720;21937;
18725;21939;
18726;21948;
18731;21961;
18736;21971;
18742;21980;
18749;21990;
18845;21991;
18872;22022;
18901;22038;
18902;22044;
18912;22058;
18924;22072;
18946;22077;
18953;22088;
18973;22106;
18974;22114;
18976;22117;
18979;22154;
18985;22159;
18994;22170;
19013;22204;
19015;22207;
19025;22213;
19029;22216;
19032;22223;
19034;22230;
19042;22232;
19044;22238;
19048;22259;
19052;22262;
19065;22266;
19079;22290;
19090;22292;
19102;22312;
19110;22319;
19140;22322;
19154;22333;
19160;22358;
19161;22361;
19163;22377;
19206;22382;
19207;22383;
19213;22385;
19226;22390;
19263;22395;
19264;22402;
19265;22403;
19266;22407;
19288;22417;
19291;22440;
19292;22464;
19306;22465;
19309;22470;
19310;22471;
19311;22498;
19315;22519;
19316;22520;
19317;22537;
19328;22569;
19329;22575;
19330;22596;
19331;22601;
19344;22617;
19347;22618;
19349;22634;
19355;22639;
19421;22654;
19441;22662;
19442;22680;
19448;22701;
19449;22714;
19496;22723;
19522;22760;
19541;22763;
19565;22764;
19566;22786;
19585;22787;
19588;22789;
19591;22790;
19603;22801;
19608;22813;
19614;22854;
19615;22879;
19624;22882;
19630;22889;
19650;22904;
19657;22908;
19659;22917;
19660;22926;
19661;22931;
19663;22932;
19671;22935;
19674;22949;
19678;22961;
19679;22962;
19706;22963;
19707;22969;
19708;22973;
19710;22980;
19711;22983;
19713;22984;
19719;22994;
19733;23028;
19742;23030;
19790;23032;
19833;23074;
19840;23082;
19845;23110;
19855;23143;
19857;23198;
19871;23207;
19876;23210;
19883;23211;
19884;23212;
19911;23235;
19912;23260;
19950;23261;
20028;23262;
20055;23278;
20096;23299;
20446;23349;
20498;23350;
;23359;
;23474;
;23488;
;23491;
;23492;
;23496;
;23507;
;23513;
;23522;
;23529;
;23573;
;23659;
;23684;
;23687;
;23694;
