1;1;2
2;4;4
6;9;5
22;10;6
24;33;7
25;35;8
32;42;9
34;44;10
36;58;11
38;67;13
40;92;18
41;97;19
46;101;20
49;108;21
50;109;22
51;125;23
58;137;24
60;164;25
63;169;26
75;178;27
78;180;29
83;189;30
84;262;31
85;269;32
88;290;33
90;296;34
95;310;35
96;335;36
99;339;37
101;342;38
103;367;40
104;372;43
108;397;45
109;403;46
116;406;47
118;412;48
119;428;49
122;430;50
126;432;51
131;434;53
133;444;54
144;463;55
146;464;56
149;474;57
153;475;58
154;518;59
164;527;61
165;541;62
175;550;63
177;556;64
180;575;65
181;598;66
182;620;67
183;644;68
184;656;69
185;660;70
187;682;71
200;685;72
203;689;73
215;690;74
222;707;75
239;714;76
240;718;77
250;719;78
251;721;80
255;722;82
257;723;83
259;740;84
260;742;85
263;745;86
267;765;87
270;807;88
280;815;90
283;828;93
298;830;94
301;869;95
305;876;96
313;890;97
315;894;98
318;918;99
328;947;100
330;951;101
332;969;102
343;973;103
347;980;105
351;982;106
361;1024;107
363;1048;108
366;1054;109
367;1064;112
371;1065;115
372;1072;116
383;1088;117
392;1110;120
406;1123;121
407;1131;122
425;1149;123
437;1161;124
444;1175;125
445;1209;126
450;1218;128
453;1232;129
457;1236;130
458;1238;131
477;1247;132
479;1264;133
481;1275;134
490;1284;135
492;1306;136
496;1334;137
497;1350;138
505;1362;139
506;1381;140
518;1391;141
519;1394;143
523;1404;144
528;1416;145
529;1426;146
531;1431;147
534;1512;148
536;1518;149
538;1525;150
540;1537;151
541;1553;152
542;1558;153
543;1564;154
544;1569;155
559;1572;156
563;1573;157
564;1575;158
571;1581;159
591;1591;160
595;1595;161
603;1599;162
604;1623;163
605;1631;164
607;1641;165
616;1645;166
617;1654;167
626;1663;168
630;1665;169
635;1668;170
638;1669;171
640;1674;172
647;1691;173
658;1695;174
661;1707;175
664;1712;176
669;1715;177
677;1719;178
680;1723;
682;1749;
685;1750;
686;1763;
687;1772;
691;1778;
695;1798;
698;1829;
699;1842;
703;1856;
705;1887;
706;1893;
708;1913;
710;1925;
715;1947;
725;1953;
731;1961;
733;2037;
735;2043;
741;2047;
743;2055;
744;2058;
750;2073;
752;2079;
755;2080;
756;2092;
760;2116;
764;2119;
775;2129;
778;2132;
789;2166;
790;2177;
793;2180;
794;2202;
796;2222;
806;2230;
809;2241;
810;2256;
811;2293;
812;2300;
822;2310;
833;2312;
839;2323;
840;2324;
841;2343;
846;2350;
848;2361;
849;2368;
851;2373;
861;2377;
865;2399;
870;2422;
871;2434;
873;2454;
881;2471;
882;2491;
887;2492;
888;2501;
889;2511;
902;2523;
926;2525;
932;2537;
933;2554;
936;2556;
937;2559;
943;2563;
950;2566;
959;2583;
964;2605;
966;2615;
968;2624;
971;2644;
978;2647;
982;2653;
985;2672;
988;2684;
993;2700;
997;2702;
999;2727;
1000;2731;
1003;2735;
1006;2764;
1009;2768;
1011;2775;
1012;2786;
1013;2787;
1019;2789;
1020;2830;
1027;2835;
1039;2870;
1041;2915;
1044;2932;
1046;2935;
1082;2943;
1084;2944;
1088;2952;
1090;2956;
1100;3037;
1101;3039;
1107;3046;
1108;3072;
1121;3075;
1122;3085;
1129;3092;
1133;3099;
1137;3108;
1143;3148;
1145;3169;
1148;3180;
1155;3200;
1157;3204;
1161;3212;
1165;3213;
1169;3218;
1171;3262;
1185;3266;
1186;3283;
1187;3287;
1194;3295;
1195;3309;
1202;3317;
1203;3331;
1204;3342;
1206;3346;
1208;3375;
1217;3383;
1218;3447;
1223;3458;
1231;3477;
1235;3481;
1236;3507;
1239;3508;
1242;3546;
1245;3554;
1250;3597;
1255;3667;
1261;3713;
1275;3721;
1280;3746;
1283;3755;
1293;3820;
1309;3823;
1320;3860;
1322;3880;
1330;3889;
1336;3922;
1346;3923;
1357;3964;
1359;3971;
1367;3979;
1368;3999;
1370;4005;
1374;4012;
1384;4024;
1385;4056;
1389;4067;
1393;4079;
1394;4086;
1397;4100;
1399;4178;
1400;4191;
1402;4215;
1405;4221;
1410;4228;
1416;4250;
1424;4263;
1434;4267;
1442;4287;
1447;4327;
1448;4338;
1449;4348;
1453;4351;
1454;4369;
1456;4414;
1463;4429;
1464;4437;
1466;4471;
1468;4481;
1476;4485;
1478;4518;
1480;4523;
1484;4528;
1486;4547;
1489;4578;
1493;4581;
1496;4623;
1500;4649;
1503;4695;
1505;4714;
1506;4757;
1514;4758;
1519;4760;
1520;4761;
1528;4778;
1533;4794;
1534;4799;
1538;4815;
1542;4819;
1543;4822;
1561;4841;
1567;4854;
1571;4912;
1582;4940;
1590;4956;
1591;4962;
1592;4970;
1595;4994;
1600;5007;
1608;5023;
1611;5037;
1612;5049;
1621;5052;
1624;5077;
1636;5086;
1638;5125;
1644;5130;
1662;5165;
1665;5166;
1666;5188;
1668;5222;
1675;5238;
1684;5254;
1688;5265;
1691;5270;
1698;5302;
1702;5311;
1712;5324;
1713;5338;
1719;5340;
1721;5346;
1727;5347;
1730;5401;
1755;5402;
1756;5408;
1757;5467;
1758;5481;
1759;5503;
1769;5505;
1773;5510;
1781;5527;
1790;5529;
1791;5543;
1797;5544;
1798;5564;
1805;5565;
1809;5576;
1816;5578;
1821;5584;
1822;5598;
1824;5610;
1828;5620;
1829;5629;
1834;5648;
1835;5663;
1843;5667;
1852;5688;
1858;5696;
1862;5699;
1871;5707;
1876;5713;
1889;5721;
1894;5772;
1904;5785;
1907;5786;
1912;5844;
1917;5871;
1918;5889;
1920;5896;
1929;5899;
1931;5901;
1935;5902;
1936;5906;
1944;5966;
1945;5983;
1948;6017;
1957;6026;
1958;6028;
1963;6036;
1967;6041;
1972;6095;
1992;6149;
1994;6150;
1999;6166;
2006;6191;
2007;6195;
2009;6199;
2010;6204;
2021;6218;
2022;6223;
2023;6225;
2024;6228;
2039;6231;
2046;6233;
2048;6242;
2050;6246;
2058;6258;
2064;6269;
2067;6276;
2069;6279;
2077;6300;
2079;6303;
2080;6310;
2084;6370;
2092;6377;
2094;6385;
2096;6391;
2104;6464;
2108;6469;
2110;6487;
2113;6493;
2120;6499;
2125;6515;
2129;6521;
2131;6526;
2158;6536;
2159;6537;
2160;6540;
2161;6549;
2162;6553;
2172;6557;
2176;6608;
2182;6613;
2184;6634;
2191;6646;
2194;6653;
2199;6661;
2202;6667;
2211;6671;
2214;6676;
2219;6686;
2222;6719;
2223;6739;
2226;6778;
2229;6780;
2230;6799;
2233;6804;
2235;6816;
2241;6833;
2242;6843;
2245;6865;
2256;6919;
2263;6938;
2269;6939;
2274;6941;
2277;6946;
2286;6948;
2290;6958;
2291;6964;
2292;6983;
2295;7020;
2296;7028;
2298;7053;
2301;7074;
2304;7117;
2305;7124;
2310;7140;
2311;7141;
2315;7157;
2320;7195;
2324;7206;
2329;7258;
2331;7269;
2332;7294;
2337;7313;
2339;7319;
2342;7326;
2351;7344;
2356;7347;
2368;7377;
2373;7392;
2374;7399;
2377;7402;
2383;7416;
2384;7418;
2385;7419;
2394;7439;
2404;7445;
2405;7454;
2416;7465;
2423;7468;
2434;7474;
2455;7475;
2458;7485;
2460;7492;
2467;7521;
2471;7532;
2472;7541;
2476;7542;
2483;7546;
2484;7554;
2487;7564;
2490;7568;
2492;7575;
2497;7601;
2499;7609;
2505;7621;
2510;7626;
2511;7638;
2518;7645;
2519;7673;
2530;7680;
2533;7692;
2535;7701;
2549;7755;
2556;7768;
2570;7796;
2573;7810;
2574;7812;
2576;7823;
2586;7860;
2588;7869;
2605;7876;
2606;7877;
2607;7892;
2618;7896;
2619;7897;
2620;7904;
2621;7925;
2632;7927;
2634;7953;
2643;7959;
2648;7966;
2658;7969;
2661;7982;
2675;7986;
2696;8022;
2701;8051;
2703;8075;
2704;8097;
2705;8110;
2709;8134;
2712;8143;
2714;8163;
2727;8169;
2740;8173;
2748;8180;
2754;8191;
2765;8212;
2767;8216;
2776;8226;
2781;8256;
2788;8281;
2792;8283;
2794;8292;
2795;8304;
2802;8316;
2803;8321;
2825;8336;
2826;8362;
2828;8365;
2834;8394;
2836;8397;
2846;8416;
2847;8420;
2851;8429;
2852;8430;
2854;8435;
2860;8472;
2862;8493;
2866;8499;
2867;8517;
2875;8519;
2880;8575;
2882;8582;
2885;8591;
2887;8602;
2891;8617;
2892;8635;
2901;8643;
2905;8651;
2911;8653;
2915;8659;
2917;8699;
2928;8713;
2933;8731;
2937;8761;
2945;8763;
2952;8767;
2957;8777;
2958;8791;
2959;8802;
2964;8805;
2967;8840;
2969;8861;
2978;8875;
2979;8886;
2981;8891;
2985;8897;
2992;8910;
2993;8919;
2997;8924;
3008;8933;
3015;8965;
3018;8974;
3022;8989;
3038;9023;
3042;9027;
3047;9029;
3049;9066;
3060;9067;
3061;9081;
3076;9087;
3081;9106;
3096;9113;
3104;9118;
3118;9133;
3121;9157;
3124;9169;
3129;9171;
3130;9207;
3132;9215;
3137;9216;
3147;9221;
3149;9234;
3162;9245;
3165;9254;
3169;9258;
3172;9266;
3202;9299;
3206;9301;
3207;9316;
3209;9322;
3212;9331;
3214;9332;
3222;9344;
3223;9345;
3226;9360;
3231;9367;
3233;9370;
3235;9375;
3239;9376;
3249;9408;
3251;9422;
3254;9428;
3263;9429;
3267;9431;
3271;9436;
3279;9440;
3288;9445;
3297;9446;
3304;9452;
3313;9475;
3316;9478;
3319;9480;
3323;9486;
3324;9488;
3330;9500;
3341;9505;
3342;9509;
3344;9527;
3348;9555;
3369;9556;
3370;9568;
3373;9579;
3387;9580;
3389;9622;
3406;9626;
3410;9631;
3413;9649;
3422;9664;
3423;9668;
3427;9702;
3433;9738;
3440;9749;
3446;9751;
3456;9756;
3466;9771;
3475;9773;
3476;9784;
3478;9809;
3479;9821;
3488;9830;
3508;9831;
3510;9834;
3516;9848;
3530;9858;
3532;9873;
3539;9882;
3545;9886;
3547;9896;
3549;9900;
3553;9925;
3563;9928;
3569;9930;
3575;9943;
3582;9949;
3589;9960;
3590;9964;
3591;9965;
3593;9967;
3601;9970;
3624;9984;
3635;9987;
3650;9990;
3652;10024;
3653;10028;
3659;10050;
3662;10068;
3666;10093;
3679;10095;
3699;10102;
3712;10129;
3718;10167;
3734;10176;
3737;10205;
3756;10242;
3764;10249;
3766;10253;
3787;10258;
3799;10260;
3805;10301;
3811;10308;
3816;10323;
3822;10326;
3826;10329;
3830;10354;
3835;10356;
3839;10375;
3847;10383;
3855;10388;
3858;10401;
3867;10453;
3869;10455;
3872;10473;
3885;10483;
3896;10499;
3897;10504;
3918;10509;
3931;10532;
3935;10536;
3939;10558;
3943;10572;
3951;10579;
3956;10588;
3959;10601;
3960;10606;
3961;10625;
3964;10632;
3969;10647;
3977;10671;
3980;10680;
3992;10700;
3999;10705;
4002;10714;
4004;10723;
4006;10724;
4009;10729;
4013;10758;
4014;10763;
4021;10768;
4030;10808;
4031;10810;
4033;10812;
4043;10824;
4052;10827;
4073;10842;
4077;10847;
4079;10896;
4083;10903;
4084;10911;
4091;10936;
4094;10943;
4095;10960;
4101;10964;
4108;10965;
4112;10968;
4122;10985;
4126;10999;
4127;11018;
4129;11026;
4138;11028;
4139;11043;
4140;11059;
4144;11061;
4148;11063;
4156;11070;
4157;11085;
4159;11116;
4160;11120;
4161;11128;
4162;11146;
4163;11159;
4169;11166;
4183;11203;
4186;11211;
4195;11252;
4203;11255;
4205;11267;
4210;11273;
4212;11277;
4243;11284;
4246;11286;
4270;11287;
4273;11297;
4276;11309;
4280;11314;
4281;11326;
4284;11333;
4293;11337;
4305;11357;
4307;11370;
4314;11381;
4317;11414;
4331;11440;
4333;11450;
4348;11471;
4349;11495;
4350;11496;
4359;11503;
4368;11523;
4371;11535;
4379;11539;
4384;11561;
4386;11564;
4390;11567;
4392;11596;
4393;11611;
4400;11613;
4418;11616;
4425;11634;
4438;11639;
4446;11660;
4447;11675;
4462;11676;
4474;11679;
4483;11690;
4489;11695;
4505;11753;
4508;11780;
4519;11804;
4524;11808;
4525;11809;
4530;11822;
4535;11828;
4564;11854;
4568;11867;
4569;11871;
4570;11905;
4580;11911;
4589;11925;
4593;11929;
4595;11933;
4596;11934;
4602;11937;
4603;11939;
4609;11941;
4622;11956;
4626;11958;
4628;11971;
4632;11981;
4661;11984;
4667;11985;
4671;12041;
4672;12058;
4674;12073;
4677;12081;
4680;12087;
4683;12117;
4689;12156;
4692;12181;
4696;12189;
4698;12190;
4706;12216;
4712;12217;
4717;12239;
4724;12284;
4727;12293;
4728;12306;
4731;12339;
4739;12347;
4744;12349;
4746;12381;
4747;12398;
4754;12411;
4765;12416;
4768;12438;
4773;12449;
4774;12462;
4775;12466;
4776;12481;
4778;12484;
4784;12509;
4785;12532;
4787;12540;
4788;12551;
4792;12552;
4804;12559;
4808;12571;
4809;12578;
4811;12582;
4816;12588;
4819;12612;
4827;12619;
4838;12631;
4854;12636;
4862;12658;
4863;12660;
4868;12694;
4875;12703;
4880;12707;
4884;12730;
4893;12744;
4894;12754;
4909;12757;
4913;12765;
4923;12771;
4924;12780;
4927;12783;
4941;12797;
4949;12802;
4958;12804;
4963;12819;
4970;12824;
4971;12826;
4988;12835;
5002;12840;
5010;12842;
5025;12843;
5039;12850;
5041;12879;
5044;12900;
5057;12932;
5062;12940;
5064;12944;
5081;12975;
5087;12976;
5088;12988;
5092;12993;
5101;12996;
5112;13032;
5115;13039;
5124;13053;
5140;13055;
5141;13076;
5144;13088;
5155;13107;
5164;13108;
5169;13109;
5171;13128;
5172;13130;
5175;13134;
5180;13139;
5193;13140;
5195;13141;
5209;13182;
5211;13197;
5213;13220;
5217;13221;
5219;13237;
5221;13245;
5233;13246;
5248;13269;
5259;13273;
5260;13276;
5263;13280;
5267;13294;
5268;13340;
5271;13342;
5286;13350;
5291;13359;
5299;13376;
5302;13385;
5303;13387;
5321;13392;
5336;13421;
5339;13440;
5345;13444;
5349;13446;
5350;13477;
5351;13483;
5357;13504;
5361;13506;
5364;13508;
5369;13509;
5376;13511;
5388;13534;
5392;13543;
5402;13559;
5404;13565;
5421;13586;
5432;13595;
5448;13601;
5457;13609;
5464;13615;
5468;13635;
5473;13657;
5481;13659;
5492;13677;
5501;13678;
5503;13679;
5504;13682;
5508;13686;
5514;13688;
5524;13701;
5525;13713;
5545;13734;
5547;13735;
5549;13741;
5550;13767;
5551;13792;
5552;13811;
5581;13813;
5585;13815;
5587;13830;
5588;13832;
5590;13833;
5595;13867;
5596;13871;
5597;13894;
5605;13906;
5620;13918;
5624;13922;
5641;13923;
5648;13926;
5656;13946;
5659;13948;
5666;13973;
5675;13983;
5677;14039;
5679;14043;
5693;14074;
5695;14076;
5706;14080;
5712;14115;
5713;14130;
5722;14152;
5723;14164;
5734;14172;
5754;14186;
5756;14196;
5773;14212;
5792;14234;
5793;14249;
5794;14274;
5805;14288;
5807;14296;
5810;14308;
5830;14330;
5833;14344;
5836;14376;
5838;14377;
5852;14396;
5856;14403;
5857;14405;
5867;14414;
5873;14435;
5877;14439;
5882;14440;
5884;14441;
5886;14454;
5899;14455;
5914;14469;
5918;14506;
5920;14529;
5943;14548;
5944;14567;
5954;14582;
5962;14601;
5986;14603;
5990;14611;
5991;14621;
5995;14650;
6000;14668;
6004;14682;
6008;14683;
6019;14692;
6021;14705;
6023;14709;
6026;14729;
6034;14739;
6041;14751;
6043;14766;
6049;14768;
6050;14775;
6052;14805;
6055;14806;
6057;14834;
6059;14838;
6061;14846;
6062;14851;
6076;14864;
6080;14897;
6082;14902;
6090;14903;
6092;14941;
6093;14945;
6101;14948;
6107;14951;
6118;14969;
6119;14973;
6123;14991;
6128;14997;
6130;15030;
6136;15039;
6141;15047;
6145;15049;
6155;15055;
6161;15059;
6165;15061;
6166;15066;
6167;15077;
6170;15078;
6190;15091;
6230;15097;
6236;15115;
6242;15120;
6255;15127;
6260;15154;
6262;15183;
6279;15195;
6287;15196;
6290;15197;
6291;15205;
6294;15206;
6305;15217;
6315;15224;
6320;15227;
6357;15247;
6359;15254;
6361;15268;
6362;15274;
6397;15275;
6401;15285;
6404;15311;
6409;15314;
6413;15317;
6429;15327;
6430;15350;
6432;15358;
6439;15359;
6443;15368;
6444;15387;
6446;15390;
6449;15402;
6451;15407;
6454;15421;
6459;15432;
6467;15439;
6482;15447;
6493;15458;
6505;15462;
6512;15467;
6515;15472;
6521;15475;
6522;15501;
6523;15505;
6529;15530;
6542;15555;
6546;15559;
6556;15579;
6562;15590;
6564;15634;
6566;15646;
6588;15649;
6615;15652;
6617;15661;
6618;15665;
6623;15699;
6631;15708;
6641;15710;
6645;15711;
6662;15760;
6663;15762;
6664;15769;
6665;15773;
6668;15797;
6671;15804;
6685;15821;
6689;15830;
6692;15849;
6707;15861;
6731;15870;
6736;15872;
6747;15884;
6752;15897;
6764;15904;
6787;15919;
6797;15928;
6798;15932;
6800;15937;
6808;15938;
6811;15956;
6812;15985;
6813;15993;
6839;15998;
6840;15999;
6846;16011;
6855;16013;
6861;16044;
6862;16046;
6863;16047;
6866;16049;
6867;16062;
6868;16064;
6873;16086;
6874;16093;
6878;16106;
6894;16112;
6915;16140;
6919;16142;
6920;16143;
6923;16149;
6924;16150;
6928;16170;
6930;16182;
6942;16185;
6943;16198;
6945;16206;
6946;16211;
6950;16227;
6951;16243;
6963;16277;
6967;16292;
6968;16298;
6976;16329;
6980;16340;
6995;16359;
6996;16368;
6998;16390;
6999;16394;
7010;16400;
7014;16408;
7021;16426;
7022;16431;
7027;16455;
7038;16463;
7044;16485;
7049;16502;
7055;16507;
7058;16509;
7059;16524;
7071;16534;
7072;16563;
7073;16567;
7086;16581;
7089;16582;
7092;16585;
7098;16649;
7102;16650;
7103;16678;
7105;16685;
7106;16693;
7111;16694;
7113;16720;
7119;16722;
7120;16734;
7122;16740;
7134;16741;
7144;16767;
7145;16772;
7148;16786;
7153;16790;
7171;16799;
7181;16807;
7183;16841;
7198;16845;
7212;16849;
7222;16854;
7226;16865;
7229;16920;
7236;16927;
7237;16949;
7246;16955;
7262;16956;
7264;16971;
7267;16974;
7283;16975;
7285;16978;
7289;16992;
7296;16998;
7301;17024;
7302;17043;
7308;17055;
7319;17058;
7337;17084;
7341;17093;
7342;17110;
7344;17125;
7353;17128;
7354;17136;
7363;17139;
7370;17145;
7377;17147;
7378;17163;
7390;17171;
7396;17179;
7397;17186;
7403;17187;
7408;17204;
7422;17208;
7428;17216;
7437;17217;
7438;17257;
7449;17263;
7450;17264;
7453;17267;
7457;17272;
7468;17275;
7473;17285;
7479;17316;
7512;17339;
7513;17340;
7516;17361;
7518;17365;
7524;17371;
7525;17390;
7533;17393;
7534;17395;
7540;17405;
7546;17432;
7548;17433;
7557;17442;
7561;17475;
7566;17488;
7582;17516;
7589;17533;
7593;17538;
7597;17542;
7599;17550;
7606;17575;
7613;17581;
7625;17597;
7633;17625;
7639;17633;
7643;17664;
7645;17671;
7647;17681;
7648;17716;
7654;17737;
7659;17753;
7663;17764;
7664;17773;
7665;17784;
7669;17794;
7674;17802;
7687;17807;
7688;17830;
7705;17843;
7707;17857;
7715;17867;
7722;17885;
7727;17903;
7738;17907;
7739;17916;
7740;17925;
7743;17935;
7744;17939;
7745;17940;
7747;17956;
7748;17958;
7750;17960;
7772;17978;
7773;17984;
7774;17990;
7775;17993;
7776;18007;
7781;18011;
7795;18016;
7800;18024;
7814;18025;
7817;18046;
7822;18097;
7823;18101;
7825;18102;
7828;18106;
7842;18109;
7843;18111;
7847;18114;
7849;18123;
7851;18149;
7852;18160;
7856;18168;
7872;18183;
7877;18186;
7886;18188;
7895;18210;
7897;18225;
7899;18227;
7902;18250;
7903;18254;
7918;18257;
7923;18282;
7938;18286;
7947;18325;
7952;18349;
7953;18351;
7961;18356;
7962;18407;
7968;18408;
7971;18414;
7976;18415;
7982;18421;
7986;18437;
7990;18440;
7992;18444;
8004;18450;
8006;18460;
8007;18461;
8014;18465;
8019;18473;
8021;18505;
8023;18525;
8044;18547;
8049;18549;
8067;18550;
8076;18552;
8079;18558;
8088;18577;
8090;18589;
8091;18592;
8096;18631;
8103;18644;
8108;18645;
8111;18653;
8120;18689;
8130;18692;
8135;18700;
8142;18726;
8146;18729;
8172;18739;
8173;18744;
8176;18745;
8179;18753;
8181;18754;
8197;18756;
8207;18767;
8236;18796;
8244;18805;
8249;18806;
8266;18807;
8272;18851;
8275;18852;
8282;18857;
8283;18875;
8286;18876;
8290;18878;
8293;18882;
8294;18886;
8297;18895;
8298;18910;
8303;18918;
8305;18923;
8312;18936;
8313;18937;
8314;18945;
8321;18974;
8322;19003;
8335;19045;
8336;19050;
8338;19059;
8343;19068;
8349;19069;
8352;19074;
8355;19094;
8364;19096;
8365;19129;
8370;19133;
8406;19142;
8411;19143;
8413;19151;
8415;19183;
8418;19231;
8425;19242;
8426;19262;
8428;19288;
8433;19295;
8442;19301;
8450;19303;
8454;19313;
8460;19314;
8462;19322;
8470;19325;
8484;19332;
8501;19334;
8525;19335;
8539;19346;
8540;19347;
8556;19353;
8558;19357;
8566;19361;
8579;19363;
8584;19378;
8589;19384;
8596;19387;
8597;19389;
8602;19393;
8617;19407;
8618;19430;
8630;19434;
8631;19442;
8633;19445;
8636;19448;
8639;19450;
8644;19474;
8661;19481;
8663;19489;
8664;19490;
8665;19527;
8672;19530;
8685;19539;
8688;19555;
8689;19584;
8697;19592;
8698;19603;
8701;19634;
8708;19679;
8709;19704;
8715;19705;
8718;19738;
8719;19744;
8722;19745;
8728;19764;
8734;19768;
8741;19783;
8742;19791;
8744;19806;
8748;19811;
8750;19825;
8751;19829;
8756;19846;
8757;19849;
8758;19854;
8766;19860;
8768;19885;
8776;19905;
8778;19909;
8785;19932;
8787;19958;
8791;19961;
8795;19963;
8798;20011;
8805;20015;
8812;20045;
8814;20055;
8815;20062;
8824;20066;
8836;20074;
8845;20088;
8877;20114;
8878;20117;
8885;20149;
8886;20160;
8894;20167;
8897;20180;
8915;20184;
8930;20190;
8940;20216;
8946;20223;
8952;20229;
8953;20231;
8957;20238;
8976;20247;
8978;20251;
8981;20259;
8991;20262;
8993;20263;
9033;20279;
9040;20281;
9041;20282;
9042;20285;
9044;20310;
9046;20315;
9053;20317;
9075;20321;
9083;20359;
9085;20378;
9089;20380;
9090;20404;
9094;20412;
9095;20415;
9107;20419;
9118;20426;
9129;20432;
9144;20444;
9152;20475;
9168;20493;
9169;20494;
9196;20496;
9198;20521;
9206;20523;
9221;20529;
9238;20540;
9251;20543;
9254;20545;
9264;20560;
9272;20573;
9273;20591;
9276;20598;
9278;20599;
9280;20602;
9285;20607;
9286;20637;
9288;20664;
9296;20671;
9304;20686;
9306;20691;
9308;20707;
9315;20729;
9318;20735;
9320;20744;
9324;20764;
9326;20770;
9328;20805;
9331;20815;
9334;20819;
9336;20827;
9338;20835;
9341;20861;
9348;20887;
9355;20914;
9373;20919;
9386;20930;
9390;20932;
9398;20933;
9400;20947;
9403;20976;
9408;20983;
9410;21005;
9411;21008;
9421;21014;
9424;21023;
9426;21037;
9436;21038;
9452;21041;
9453;21053;
9457;21071;
9467;21085;
9481;21087;
9489;21092;
9491;21097;
9496;21106;
9498;21107;
9500;21122;
9509;21123;
9513;21130;
9514;21139;
9519;21145;
9525;21152;
9529;21163;
9531;21193;
9538;21213;
9545;21231;
9562;21233;
9563;21237;
9570;21239;
9578;21266;
9579;21287;
9582;21289;
9588;21290;
9596;21291;
9600;21301;
9601;21305;
9604;21306;
9608;21327;
9613;21353;
9616;21369;
9621;21378;
9624;21379;
9625;21386;
9631;21398;
9642;21408;
9653;21412;
9661;21414;
9663;21421;
9667;21428;
9668;21438;
9670;21463;
9672;21491;
9681;21497;
9691;21511;
9695;21516;
9698;21532;
9699;21537;
9700;21544;
9704;21584;
9705;21595;
9710;21596;
9719;21598;
9729;21612;
9740;21631;
9752;21632;
9757;21663;
9762;21666;
9763;21682;
9765;21686;
9779;21693;
9785;21708;
9794;21713;
9811;21730;
9813;21739;
9814;21770;
9822;21773;
9824;21778;
9825;21790;
9832;21800;
9835;21807;
9841;21844;
9851;21845;
9855;21855;
9860;21874;
9866;21877;
9875;21878;
9882;21881;
9885;21899;
9892;21917;
9894;21927;
9901;21930;
9904;21933;
9905;21973;
9907;21990;
9914;22008;
9916;22023;
9919;22042;
9923;22057;
9924;22075;
9931;22077;
9936;22087;
9937;22115;
9941;22130;
9947;22134;
9957;22152;
9965;22157;
9973;22163;
9978;22165;
9979;22176;
9987;22191;
9988;22202;
9991;22215;
10017;22240;
10022;22255;
10026;22268;
10036;22279;
10054;22281;
10056;22287;
10061;22297;
10062;22379;
10077;22382;
10083;22389;
10085;22434;
10086;22452;
10091;22463;
10095;22471;
10099;22472;
10100;22476;
10103;22489;
10112;22505;
10118;22513;
10119;22515;
10120;22517;
10121;22526;
10130;22553;
10134;22554;
10141;22561;
10145;22566;
10149;22571;
10150;22585;
10153;22592;
10155;22611;
10184;22616;
10189;22631;
10191;22632;
10202;22635;
10205;22649;
10212;22651;
10220;22659;
10227;22664;
10233;22680;
10237;22727;
10241;22730;
10254;22739;
10258;22746;
10263;22754;
10264;22767;
10279;22789;
10289;22809;
10291;22810;
10294;22812;
10308;22831;
10309;22849;
10323;22859;
10332;22889;
10348;22892;
10357;22910;
10370;22938;
10376;22943;
10384;22948;
10393;22955;
10403;22965;
10405;22980;
10411;22984;
10416;23015;
10419;23018;
10428;23027;
10435;23035;
10436;23059;
10444;23067;
10452;;
10453;;
10465;;
10470;;
10493;;
10504;;
10507;;
10508;;
10525;;
10539;;
10540;;
10563;;
10568;;
10575;;
10578;;
10593;;
10594;;
10597;;
10607;;
10613;;
10614;;
10616;;
10632;;
10637;;
10644;;
10648;;
10656;;
10663;;
10665;;
10666;;
10679;;
10695;;
10703;;
10716;;
10718;;
10737;;
10747;;
10753;;
10764;;
10771;;
10773;;
10780;;
10790;;
10809;;
10812;;
10818;;
10828;;
10830;;
10849;;
10851;;
10852;;
10873;;
10889;;
10902;;
10903;;
10916;;
10917;;
10922;;
10923;;
10924;;
10931;;
10934;;
10937;;
10951;;
10992;;
11010;;
11011;;
11019;;
11022;;
11025;;
11028;;
11034;;
11056;;
11065;;
11066;;
11079;;
11098;;
11110;;
11111;;
11157;;
11175;;
11177;;
11183;;
11209;;
11218;;
11227;;
11229;;
11239;;
11253;;
11265;;
11282;;
11304;;
11313;;
11329;;
11333;;
11339;;
11341;;
11366;;
11370;;
11384;;
11386;;
11392;;
11395;;
11398;;
11400;;
11401;;
11403;;
11406;;
11427;;
11432;;
11441;;
11456;;
11459;;
11469;;
11494;;
11496;;
11500;;
11511;;
11522;;
11525;;
11531;;
11543;;
11550;;
11560;;
11571;;
11578;;
11587;;
11595;;
11597;;
11611;;
11622;;
11633;;
11634;;
11637;;
11639;;
11648;;
11655;;
11677;;
11687;;
11692;;
11702;;
11713;;
11715;;
11725;;
11762;;
11771;;
11782;;
11783;;
11787;;
11791;;
11792;;
11813;;
11814;;
11819;;
11820;;
11822;;
11833;;
11840;;
11844;;
11846;;
11857;;
11862;;
11868;;
11873;;
11874;;
11883;;
11884;;
11887;;
11902;;
11906;;
11908;;
11911;;
11923;;
11925;;
11927;;
11928;;
11936;;
11946;;
11957;;
11966;;
11971;;
11984;;
11985;;
11991;;
11995;;
12010;;
12025;;
12028;;
12031;;
12032;;
12033;;
12035;;
12042;;
